abn_unavailable,calib,coalition_size,deep_sup,dice_ET,dice_TC,dice_WT,epoch,epoch_min,grad_norm,grade,grade_acc,iter,kd,kd_gap_tumour,loss,lr,main_dice,main_edl,main_kl,normality,phi_target_corr,shapley,sim_hard_healthy,sim_healthy,sim_tumour,unc_healthy,unc_tumour,val_abn_auroc,val_dice_ET,val_dice_TC,val_dice_WT,val_dice_mean,val_ece_ET,val_ece_TC,val_ece_WT,val_hd95_ET,val_hd95_TC,val_hd95_WT
0.0,0.036742927225003406,2.4817518248175183,0.9918188903220865,0.2053482082169819,0.2634008359127902,0.5098098018246702,1,5.445017635822296,1.719238539536794,0.1032138135890628,0.813953488372093,258,0.0029488643313457428,0.09521693988133548,3.2863370762314905,0.0009845667064586102,0.9339058031869489,0.6055155104213907,8.498935260720743e-05,0.0505624284693437,0.26311737514461264,1.0608422294476607,0.8329657323716223,0.8959980411816013,0.8031227180466114,0.5207637280456779,0.43885297293579856,,,,,,,,,,,
0.0,0.015940204120147253,2.532258064516129,0.701919907747313,0.2927914495369094,0.4503692968517484,0.6709641559622991,2,5.168675343195598,2.6829785483124655,0.09686539317806099,0.7984496124031008,516,0.010124170729106262,0.15506088920961042,2.232099306675815,0.0009690462749233108,0.863992107468982,0.2330535746128984,0.00010263923579696548,0.04145449662739916,0.24597706522118026,0.5725936694521336,0.935563805722451,0.9840862563876218,0.6929999689838683,0.28973776910656185,0.24630001920831296,,,,,,,,,,,
0.0,0.009703928515380033,2.398550724637681,0.6383393535087275,0.3323638199279569,0.4564711341531514,0.6653940579499743,3,5.216801977157592,4.112713039385206,0.09314948644546807,0.8255813953488372,774,0.0178143224177239,0.20894877005235424,2.037971411102502,0.0009534981729544429,0.8105485055797784,0.15193932673843333,0.00020652482069903792,0.03990505853407951,0.2563057205002026,0.5364328765080891,0.9461040358210719,0.9873065357060395,0.6700105679471495,0.177382648860898,0.16861504319229015,,,,,,,,,,,
0.0,0.007273650738092992,2.449275362318841,0.5856692570355512,0.34848975739094934,0.4895405989039198,0.7058697319465469,4,5.24027130206426,1.4519354851208917,0.0928663442474465,0.8062015503875969,1032,0.01708840324835574,0.17425314374850132,1.8200833164444266,0.0009379218480216999,0.7621271688808766,0.12176356123861416,0.00032517856901580135,0.037796726901546236,0.33791763447579404,0.38395837231444707,0.9311150656652081,0.9847698361836663,0.6303434523847676,0.1278547960254111,0.12814988698377167,,0.378756841657491,0.5616593388068735,0.8320757790166301,0.5908306531603316,,,,,,
0.0,0.0057852340387469225,2.4113475177304964,0.5478216622226922,0.35796066534252774,0.5097545982174243,0.7313380697443452,5,5.2747140804926556,1.3144735843520756,0.10017307008825993,0.7868217054263565,1290,0.015690079791867803,0.15589258057560335,1.7101800617321516,0.000922316726141059,0.719558988777242,0.10497449439509894,0.0004623085365582405,0.03650226182297103,0.3019397500431799,0.34427750794917134,0.9176274621209433,0.982657331135846,0.6162635510455269,0.09915381462074989,0.10965253583105035,,,,,,,,,,,
0.0,0.004843681392823021,2.4444444444444446,0.5313649710065634,0.40238741481677376,0.5188654090001815,0.7232581764601068,6,5.1559943318367,1.1229892915995545,0.08937384635787601,0.8410852713178295,1548,0.01577324535204146,0.12972477833924737,1.6027793262818062,0.0009066822106218689,0.7030767712944238,0.08921102672642053,0.0005577106107533512,0.03562421085991601,0.33579163327960976,0.2925187254413253,0.9365779817566391,0.9866451135901517,0.6042914893550351,0.08114050519327785,0.09585676529957343,,,,,,,,,,,
0.0,0.003944204098187647,2.484375,0.49037091410899347,0.4725492610585686,0.5685768266004969,0.7698751034101384,7,5.172462570667267,1.096886075051256,0.09972903223405051,0.7868217054263565,1806,0.017681881958515548,0.16247759821354268,1.5101580220137456,0.0008910176807152986,0.6595074267581452,0.0760493584323761,0.0006096168470730493,0.034164889338390195,0.3084852346146363,0.28044345251691993,0.9360575137674346,0.9865786992302237,0.5697285274202509,0.06777909247912178,0.08734461629055729,,,,,,,,,,,
0.0,0.003328738508515002,2.5,0.4686657532240993,0.49339317066525923,0.5884201764833009,0.7763710347809215,8,5.142245435714722,0.9500115335334179,0.0977674038690883,0.7945736434108527,2064,0.01902626212298249,0.15446751867938374,1.430658699237099,0.0008753224901542979,0.6312876267488613,0.07020078229811764,0.0006801972999675163,0.03284752186091776,0.3241965069804185,0.2563737602904439,0.9261840594600338,0.9846682867338491,0.5497456859262992,0.05768466000120307,0.07849918239453967,,0.6099378248176723,0.709396886093848,0.8602823397628964,0.7265390168914722,,,,,,
0.0,0.002866849895813069,2.5074626865671643,0.45552591823561245,0.4823744401219865,0.604470189412841,0.768472441085867,9,5.172659130891164,1.0528544606857522,0.09374068284681601,0.813953488372093,2322,0.021798901888856918,0.15211455715752983,1.4111742067706676,0.0008595959655740217,0.6051574017881423,0.0691487187043179,0.0008263280184293354,0.03278687628809103,0.3479198452759423,0.27518534827838415,0.9309874144635459,0.9856013997580654,0.5605255648955818,0.04975770992883878,0.07444911961292111,,,,,,,,,,,
0.0,0.002498187341315802,2.5891472868217056,0.44303940998953445,0.5041238311164324,0.6161307486914849,0.7877947324670331,10,5.207615864276886,0.8976402964818385,0.10460704583819061,0.6976744186046512,2580,0.016466030457801633,0.1329855031654006,1.3490853907988054,0.0008438374048002949,0.5958540254785109,0.05880239819602449,0.0008050967793566059,0.033564525912696305,0.3175497858373578,0.20757559287657804,0.9240983897863433,0.9842743744221769,0.571250760740088,0.04375174170894216,0.07016766644552234,,,,,,,,,,,
0.0,0.0022147446529567063,2.5806451612903225,0.41342925938755964,0.5451161381508794,0.644099074928451,0.8099954610242862,11,5.188674859205881,0.8675677624437236,0.09939659993315852,0.7635658914728682,2838,0.016600944866333657,0.1192719231970528,1.2765851582205572,0.0008280460749921176,0.5618340650270152,0.05424934455244116,0.0008603572080524588,0.03238078879098617,0.35472453897067857,0.22103928939829912,0.924434363379959,0.9843606593072877,0.5398872187904694,0.0385085652589567,0.06377638499577377,,,,,,,,,,,
0.0,0.0020204705911866286,2.5873015873015874,0.4293136867557385,0.5271159553423871,0.6031773707745037,0.7740033117554839,12,5.132229439417521,0.9260874082182728,0.09627852692853572,0.7984496124031008,3096,0.024046550057887958,0.17562402320750567,1.305821918470915,0.0008122212106223997,0.5740824679649154,0.054409217515368334,0.001054995255693685,0.03349131641028694,0.2824167831374022,0.21903240997787743,0.9319465536941853,0.9858086723689885,0.5710084860090369,0.03438861961223821,0.059218906328197596,,0.638628181264847,0.7489889659129894,0.8805015393751102,0.7560395621843155,,,,,,
0.0,0.0018531634662275079,2.4326241134751774,0.40775753124508746,0.5366304787648561,0.6340388256768595,0.798293669864196,13,5.272396473089854,0.8838849645252376,0.09652187048580295,0.7906976744186046,3354,0.02134178121330613,0.15979805135133643,1.2749257958674616,0.0007963620112790155,0.547355380053668,0.05120114632701689,0.001106083644371274,0.03237322434537517,0.3212742627084797,0.23389003849885565,0.9348337659540102,0.9862109979455785,0.5131847570801891,0.031045419654931673,0.05695360821722321,,,,,,,,,,,
0.0,0.0016245565340739618,2.375,0.38979132138481437,0.5705639250294934,0.6526673732366552,0.8081340464423121,14,5.071947991847992,0.8684901449569437,0.09219118352084196,0.8217054263565892,3612,0.022082162052039788,0.17414508282803418,1.2011270100294158,0.0007804676392658504,0.5307501452837804,0.04612365548405074,0.0010993042315515264,0.031775184268088535,0.33055503324015134,0.23071228588066464,0.9268740960793902,0.9847216696240181,0.5239709743998887,0.028071630312952886,0.054709264907494996,,,,,,,,,,,
0.0,0.001578154648692968,2.464,0.37618196120326836,0.5481556552922413,0.6573829879540257,0.8149688153328237,15,5.19890197912852,1.00107726321895,0.09190857611134533,0.8217054263565892,3870,0.01828981742495671,0.10971852942369878,1.1645046313141667,0.000764537216980692,0.5015497324887173,0.04815745604939239,0.001305671406911177,0.03120367312370691,0.3119026355948299,0.21781458611786367,0.9278384830600531,0.9850288072759791,0.4713421918292956,0.02556568209457305,0.05352971401758665,,,,,,,,,,,
0.0,0.0014882097887655885,2.456953642384106,0.37700723602559216,0.5550012884722978,0.6577222936451904,0.8071810687303745,16,5.323920937379201,0.9198914913590565,0.0912657769382462,0.8217054263565892,4128,0.022125449144687878,0.1534744964314118,1.1986567049987555,0.000748569824043546,0.5022023830187413,0.048412158644880895,0.0014776959485110878,0.031144541496945212,0.3870564355077037,0.23216982628681407,0.9315163682597553,0.9857825978781826,0.46596776416828467,0.02364224501589472,0.051150553592646766,,0.6559875700650405,0.7614242464810186,0.8929825135336629,0.7701314433599072,,,,,,
0.0,0.0013742200453141199,2.5037593984962405,0.3582305770742801,0.5625312677787074,0.6783696224196911,0.8261404780683634,17,5.195003219445547,0.8671528134466142,0.0968789677027353,0.8023255813953488,4386,0.02260397515327886,0.1317264825068038,1.134667704964793,0.0007325644941451204,0.47863835974257124,0.044656506548238585,0.0014635861156167202,0.02975197656210079,0.32268037052590515,0.22308248912397408,0.9292356764623361,0.9854316565879556,0.45416081607226255,0.02170307571862557,0.050983431936754274,,,,,,,,,,,
0.0,0.0012062790931871182,2.7288135593220337,0.33400114969343175,0.6007218338036323,0.7129723062204529,0.856559766355411,18,5.121719749768575,0.7662339369918025,0.0907226766409107,0.8294573643410853,4644,0.01700753887789921,0.10501004851017243,1.028854641341424,0.0007165202115807307,0.4533394567033117,0.037033133353142775,0.0012738216313481143,0.02852537487850113,0.3146592072517413,0.16969171040138956,0.936410469371219,0.9868915972783584,0.48480699985295306,0.02003410143070212,0.047507490356301155,,,,,,,,,,,
0.0,0.0011630584990633688,2.5714285714285716,0.365090058755505,0.5635841511622984,0.6649259565578699,0.8060874481051041,19,5.192012866338094,0.9983185019141944,0.09467655184945857,0.8062015503875969,4902,0.022409656492217957,0.17780832703066793,1.1196332374053408,0.0007004359074295899,0.487533635755842,0.040979417174505865,0.0014994372527995833,0.03210904775548351,0.2920896832051406,0.18104490481819663,0.9298153066819952,0.9854879989180454,0.5264377446295585,0.01866202790636656,0.045130523975736414,,,,,,,,,,,
0.0,0.0011759402690967003,2.4146341463414633,0.33895323616127637,0.5918259549215119,0.6876759727810654,0.8090446121528629,20,5.1113446116447445,0.9482414332009101,0.0979864299586115,0.7906976744186046,5160,0.03201938032418386,0.17946843190843031,1.0949646457452182,0.000684310455333191,0.44511354859023133,0.04566374782819387,0.001730655178981797,0.031723911082552556,0.34208665632385366,0.25474378877750986,0.9228457583533239,0.9839578545832819,0.4981361994454601,0.01750316311309273,0.04605032828484857,,0.6435318751326065,0.7745836542371949,0.8993369673522953,0.7724841655740322,,,,,,
0.0,0.0010689923262481701,2.5873015873015874,0.34193086754097496,0.5723293975268376,0.6894598891687861,0.8422069620889748,21,5.202817598978679,0.7846436312263326,0.09840972939607247,0.7596899224806202,5418,0.02400566688974071,0.12909101099865708,1.0707937381988348,0.0006681426668190759,0.4520877924884937,0.04172191838914341,0.0015831550366882335,0.029183437304152536,0.33335797385855886,0.19669755376017992,0.9281076356884121,0.9850595789824346,0.4683148753107345,0.016328509016207946,0.043526791490960955,,,,,,,,,,,
0.0,0.0009787167073227465,2.462686567164179,0.32079257486864576,0.6054022587427884,0.7155420890406439,0.8432373512832289,22,5.220153439044952,0.8706946843123251,0.09545933644381142,0.8062015503875969,5676,0.021030772609474998,0.13784816645784304,1.034127899727156,0.0006519312861074445,0.4245497567593589,0.03956180399413719,0.0015356844810447692,0.029324579186188852,0.3458975173946498,0.21842959058929734,0.9227861773598102,0.9840926139853722,0.48779490563369826,0.01528914412483573,0.04290019873125377,,,,,,,,,,,
0.0,0.0010283242443182988,2.661417322834646,0.3375924381232539,0.5921910922510041,0.6915382703941301,0.8270457973198373,23,5.168119339148204,1.0037337064512015,0.10423346465929996,0.6472868217054264,5934,0.023474827205063775,0.1355544989313074,1.0724681214999783,0.0006356749843274785,0.446305506797724,0.040718799312562906,0.0016327826733756883,0.03140786404418217,0.32735929175419365,0.20646706523417724,0.9234969403392584,0.9842923038689665,0.5394749123646592,0.014517692231768093,0.040828892722899135,,,,,,,,,,,
0.0,0.0009448496322959748,2.4,0.31976922029672666,0.6053553886669634,0.7075463673885002,0.842761182871714,24,5.241033411026001,0.9674918881451436,0.08952229737138101,0.8217054263565892,6192,0.021718731178855075,0.11770545306633441,1.016124956252039,0.0006193723530575316,0.4209828390631565,0.03999330744854817,0.0016179742093483174,0.028069319992232347,0.34608971918574893,0.21130261805195075,0.9238316453704538,0.98419997950857,0.4546067843271434,0.013577557367438724,0.04003631789598239,,0.665312794923785,0.7953960567956222,0.897781789952758,0.7861635472240551,,,,,,
0.0,0.000939824973652004,2.342857142857143,0.3081036081552043,0.6123699944870422,0.7258704400606916,0.8523276199319566,25,5.266611071427663,1.0017662288029066,0.0928365140286989,0.8217054263565892,6450,0.024264115282110997,0.12465396678276561,1.025018418366595,0.0006030218970879688,0.40372998252973075,0.040264426091642574,0.0016598732758592272,0.02766011323231135,0.3763521256457482,0.2568663955699386,0.9251083904920623,0.9844913390255714,0.45087421826960505,0.01278905117840961,0.039349286181693394,,,,,,,,,,,
0.0,0.0009029183811787877,2.5114503816793894,0.3182111806705479,0.5824782611279253,0.7090882589607842,0.8458038722850787,26,5.148171778519949,1.0085956391322521,0.10007348725962084,0.7790697674418605,6708,0.021223638377275058,0.13343361099200543,1.0156550080508224,0.0005866220262867533,0.4145532338194145,0.038566632784700905,0.0016270322329116544,0.02900373001850044,0.37172313456828815,0.20692469098939353,0.9195340717023657,0.9834627472153006,0.47396992746191896,0.01216691656962268,0.03811242107966149,,,,,,,,,,,
0.0,0.0008502992621838213,2.5081967213114753,0.3088227085942446,0.5957813104944008,0.7126242091099537,0.8610735377369001,27,5.159549148877462,0.878038263622425,0.10401518598141134,0.751937984496124,6966,0.01950510844773876,0.11301245600233138,0.978870993436769,0.0005701710464250824,0.4064348126335662,0.035043932067937864,0.0014639687912796748,0.027893032160291608,0.347400560362463,0.18481204645769272,0.9276970747367356,0.9851360295632089,0.5109006971384348,0.011527799528323172,0.037179298590608804,,,,,,,,,,,
0.0,0.0008544142920566297,2.4552845528455283,0.30660223527703173,0.6086099807054793,0.719908179155309,0.8491759937574235,28,5.106848883628845,1.0551142740503763,0.09925644534329574,0.7635658914728682,7224,0.024692323966477022,0.1416639604952273,0.9856295198664184,0.0005536671487923289,0.39754967062279234,0.03770591556491663,0.0016127053028141337,0.027950436743192895,0.32084380351839875,0.22206232574866797,0.9227812883927841,0.9839478555575821,0.44981157546141004,0.011009000303122655,0.03665065998211503,,0.6869085451145597,0.7879063111901811,0.8916406505525533,0.7888185022857647,,,,,,
0.0,0.000824486057699546,2.390625,0.31254234650107315,0.5805607930255515,0.7118111432265118,0.8417499831249547,29,5.154550222555796,0.8966727754635404,0.09608122045102045,0.8023255813953488,7482,0.02529346467279013,0.13832830312210567,1.0063611221636912,0.0005371083983949178,0.4036127223178398,0.03875660206833782,0.0016929611545408057,0.028440321793837486,0.3439216286424198,0.23159712755659712,0.9219147910674413,0.9837924627832664,0.47306655730344643,0.010536383606435717,0.03580438562257345,,,,,,,,,,,
0.0,0.0008161986634079295,2.3795620437956204,0.3111720848684163,0.5830842795034568,0.7264652202003311,0.8345796118955213,30,5.2837884267171225,0.9149801857018656,0.10435447896751322,0.7170542635658915,7740,0.020459327291543806,0.132425064957616,0.998906824708909,0.0005204927204906314,0.40149684308111205,0.038779596159191326,0.0017153969911728488,0.029278881432734025,0.30916222249201064,0.1931617341283029,0.9217521945635477,0.9837693851585536,0.503113075522724,0.010082644089161194,0.03443864158665141,,,,,,,,,,,
0.0,0.0007177634561512675,2.550387596899225,0.28818762695142464,0.611460640752605,0.7371123145088958,0.8677291107804391,31,5.166242567698161,0.8892336175307747,0.09632184739087442,0.7945736434108527,7998,0.020808521535370376,0.13001490798830004,0.9301656998636186,0.0005038178851558342,0.37364282623626466,0.0339790852577967,0.0015134785896597626,0.02747134525011214,0.3242995352664775,0.20198456936537526,0.9261875016282696,0.9847334868224092,0.463615010275917,0.00957990857563162,0.034090291856708685,,,,,,,,,,,
0.0,0.000747729558187452,2.3688524590163933,0.30490292802222013,0.6093286013213987,0.7197029023113581,0.8407563036614524,32,5.147756369908651,1.014106886331425,0.10152602041241272,0.7635658914728682,8256,0.023800364163602056,0.13812783716379531,0.9770015197437864,0.00048708148951487925,0.3939616644913836,0.035980256415123854,0.0016341058463137958,0.027812528422160088,0.3448016201222285,0.21442727137692882,0.9204893696677777,0.9835613621759784,0.46903631171254917,0.00929244146357442,0.033650685719019455,,0.6775726059778908,0.7922983732638511,0.8927367462255402,0.7875359084890942,,,,,,
0.0,0.0007127794254534651,2.4140625,0.28255321608148803,0.6280626742921658,0.74013301277174,0.865389306856276,33,5.2104803919792175,0.840269771426223,0.09348602929376354,0.8062015503875969,8514,0.01935050476939068,0.11458957156399265,0.908925011754036,0.0004702809371741814,0.36730465685674385,0.03244609766560354,0.0014824669665111907,0.02579875395979819,0.337210249292184,0.19680725934449583,0.9288311838641647,0.9853192724922831,0.4438427860177187,0.008841466367995553,0.03309825793731698,,,,,,,,,,,
0.0,0.0006946318757992378,2.6587301587301586,0.2897529573172562,0.5963315236124539,0.7481141874075744,0.8623093131554219,34,5.187790644168854,0.8805604824262072,0.10438114924486293,0.7248062015503876,8772,0.020967069395489736,0.1129777996128806,0.9227499342704004,0.00045341341429203005,0.37488035851901813,0.03429755794656889,0.0015723674640789548,0.027650747773085915,0.3070445125312766,0.1686595301587312,0.9240008916041648,0.9842833488486534,0.5001489663453296,0.008527469770737397,0.03200317518208032,,,,,,,,,,,
0.0,0.0006948454290893075,2.4310344827586206,0.29274383637794227,0.611099837477817,0.7398946237309959,0.8526332817047604,35,5.129527004559835,0.8946418021191922,0.09943907478347767,0.7674418604651163,9030,0.026617997173897484,0.14619540297844855,0.933788093023522,0.00043647586157093436,0.376858738388202,0.03516409407521403,0.0016069865611028974,0.02782194073629645,0.3190272820226302,0.20078716280966483,0.9265881092973458,0.9848040055858996,0.47723264248622943,0.008223645349372496,0.03078270575407055,,,,,,,,,,,
0.0,0.0006633831157681601,2.5078125,0.2865099526595238,0.6120355908744443,0.7451589503794793,0.8589744106974713,36,5.251912450790405,0.8527737427936044,0.10085444462796052,0.7248062015503876,9288,0.019114578260794386,0.12134179463751163,0.917064443115116,0.00041946494127054337,0.37203090080572654,0.032094142486362956,0.0015067032184370598,0.027597783541292414,0.3383589016448241,0.17832732376882632,0.9266721137272295,0.984817538381547,0.48587331268936396,0.007963505035713893,0.0310391831110672,,0.69555649566522,0.8237107386390494,0.8939146996627366,0.8043939779890019,,,,,,
0.0,0.0006887128145380718,2.6178861788617884,0.2822484584568545,0.625656883391577,0.744542263325506,0.8599041270510864,37,5.149810814857483,0.9805080041058304,0.09838391389957694,0.7325581395348837,9546,0.021943246157951016,0.14005533277734436,0.9123086512319801,0.00040237699808964687,0.36041222001577533,0.03506695975498982,0.001647424734221923,0.028215030260571792,0.3162909717473194,0.2058995520105449,0.9289964747059253,0.9852931892224984,0.493977732898653,0.007694718640932972,0.031774411717964,,,,,,,,,,,
0.0,0.0006451202043253872,2.4100719424460433,0.2836559348443682,0.6265612981072808,0.752733115009357,0.8480194838168894,38,5.271820930639903,0.9761952618642371,0.09585277929671052,0.8023255813953488,9804,0.019317304109940904,0.1319381209333863,0.9140081570823063,0.00038520801243202194,0.36434304061555123,0.033112655494853045,0.0015920211888498684,0.02749642458664932,0.33707700648900746,0.1840319443969793,0.9288836269415626,0.9852180383926215,0.4699614043220704,0.0074951254091290545,0.030051527288561874,,,,,,,,,,,
0.0,0.000652104028899497,2.5407407407407407,0.27395146302590073,0.6300257937710253,0.7410650796657645,0.8636023215805144,39,5.25606023867925,0.9807530065146528,0.09737866584124953,0.7674418604651163,10062,0.019586802549064926,0.11427714174238908,0.8906316120726193,0.00036795354411889335,0.35020094003903773,0.033159935368629274,0.0016369495339837836,0.02802123716678615,0.3299040323726971,0.1877977834876489,0.9235321110071137,0.9841135624767274,0.49982020416289796,0.007242971518647301,0.030664609015969804,,,,,,,,,,,
0.0,0.0006084511115032071,2.4296296296296296,0.2828662653648576,0.6129752144288785,0.7372983754937386,0.853691486425178,40,5.209652149677277,0.9381899534500846,0.10277263160304044,0.7558139534883721,10320,0.020838199060571886,0.12964626502254706,0.9140073158020197,0.0003506086639902075,0.3629164603040662,0.032359837743908514,0.0015863172309820597,0.027730650115079542,0.36172572346576665,0.18126426367434087,0.9274075229962667,0.9848326500072035,0.48910804613413966,0.007044129968844643,0.028128155126315793,,0.7262344098881638,0.7950707320408906,0.9011211231613242,0.8074754216967929,,,,,,
0.0,0.0006187322427466323,2.5357142857142856,0.26991057837771815,0.6373052369772055,0.7633520171241185,0.8556947443821981,41,5.255989980697632,0.8834862221003503,0.09516448248899723,0.7868217054263565,10578,0.02170070845807227,0.143566730605694,0.8706918876300487,0.0003331678699720117,0.34372734396841176,0.03303960576480211,0.0016450153265776502,0.026765733446507144,0.287719845445203,0.16814421680423297,0.9247105135474094,0.9842655411524366,0.4442176976811516,0.0068699434912193194,0.028816031566423962,,,,,,,,,,,
0.0,0.000592775739377,2.4859154929577465,0.27797073457938754,0.6093290197986084,0.758320729082176,0.8651745642802512,42,5.25303829908371,0.9644988594931851,0.0998801195402016,0.7403100775193798,10836,0.020321225721931596,0.11687728659390419,0.9075234780708948,0.0003156249829617578,0.35363414941370025,0.033721279056901615,0.0016244978759241066,0.026767544054909963,0.3514324009982528,0.19074439073414345,0.9248143603173338,0.9842875024607015,0.4493359369189702,0.006711641691134189,0.02916488844843567,,,,,,,,,,,
0.0,0.0006217277031557683,2.5327868852459017,0.26559486907235413,0.6186031835124821,0.7571588466968207,0.8729700945144476,43,5.0482791543006895,0.9265225958731388,0.09235122986137867,0.7868217054263565,11094,0.026177097041460023,0.12000786535531642,0.8547671203927476,0.00029797301611498276,0.3364099630031937,0.033540116238602716,0.001629368407704124,0.026400206303729336,0.3538775231205423,0.18990137499421225,0.9267860029556955,0.9847300812717557,0.46206765409645645,0.006540181182050543,0.028578384801052337,,,,,,,,,,,
0.0,0.0005508733014326837,2.671875,0.25535498212936314,0.6294224486571679,0.7794498975367047,0.8827259377811046,44,5.145860123634338,0.877458526529083,0.10019125880370307,0.7635658914728682,11352,0.01582149214364643,0.09727082350017394,0.8241217068230459,0.00028020400851274546,0.3268863676303579,0.028709456299308888,0.0013911832674937106,0.026268501852660678,0.33126804321273084,0.16035622111303383,0.9262927119121995,0.9846166039622107,0.4429930174279265,0.0063749326775644636,0.028739794933547575,,0.7022652844437882,0.8125959508781568,0.9033364363217938,0.806065890547913,,,,,,
0.0,0.0005974693585601419,2.404255319148936,0.2618593892097011,0.6401097492356388,0.75918722216964,0.8620783733709376,45,5.207366863886516,0.9312531852213911,0.08884355560118376,0.8178294573643411,11610,0.021052898028385784,0.11552290116755844,0.8585006757531055,0.00026230881026631796,0.33170388396396194,0.03318098231124901,0.0016453567271431286,0.025756826483492933,0.32755674305743476,0.1941411097910493,0.9267330548559972,0.9846929452678029,0.4602599815183947,0.006304258755011152,0.028312873225225958,,,,,,,,,,,
0.0,0.0005713881017340622,2.41044776119403,0.2597653544110845,0.6330502919871684,0.770027592760157,0.8668217073580928,46,5.187668681144714,0.9891888817497926,0.09174868812452452,0.8062015503875969,11868,0.019361548676245566,0.12290176044147953,0.8439558648554853,0.00024427680005268955,0.32890200586050977,0.030987818151452514,0.0015722616674250368,0.026417127380855093,0.32433784119663206,0.1849060600359382,0.9292999901050745,0.9852133451044097,0.48319717358018077,0.0061740587797564596,0.027993501795730156,,,,,,,,,,,
0.0,0.0005849424024611575,2.3741007194244603,0.27551514707332436,0.6168726945177259,0.7442487768112328,0.854559564284345,47,5.186917773882548,1.1113367167323134,0.09889134393586207,0.7674418604651163,12126,0.021215894193220366,0.12801844071213123,0.8952081581187803,0.00022609550642712387,0.35101279405544894,0.03207866860329816,0.0015913971887933913,0.027477535596045183,0.3072218387546822,0.18408068390764135,0.9239141213339429,0.9840849162072174,0.4852008796766285,0.006098403230800416,0.027705884112637174,,,,,,,,,,,
0.0,0.0005565815263817199,2.546153846153846,0.24618051928836246,0.6550271582995928,0.7890206170448846,0.8750121679821218,48,5.122531545162201,0.9402234945879426,0.09479540159073911,0.7945736434108527,12384,0.018466576796292673,0.11606548483166651,0.8066773552072141,0.0002077500883867989,0.31170862627237345,0.02923798670833425,0.0014829887106541776,0.026896259574176268,0.32750808479121096,0.17638493745516126,0.9241474210753922,0.9841495870157729,0.46725276123498594,0.005950934136315256,0.027835712493794372,,0.7028364860097216,0.8233176565007442,0.9084667886466615,0.8115403103857091,,,,,,
0.0,0.0004921411331903186,2.464,0.2603582393291385,0.6385393737274465,0.7670825743319488,0.873774200446846,49,5.086738109588623,0.9342911450206771,0.08823054389984802,0.8217054263565892,12642,0.018433431083468173,0.10399806480666604,0.8318347694106805,0.00018922260351421388,0.33135953585999883,0.028250264435241274,0.0014299600824619852,0.026405060042937595,0.3302284696921706,0.18211855533719062,0.9273676588091739,0.984820541947387,0.48324544290297256,0.005858698271417109,0.02718561894599666,,,,,,,,,,,
0.0,0.000531136638225386,2.5,0.23454284090404362,0.6600913563095165,0.817299553759887,0.8831394854211068,50,5.05925410191218,0.8783803167500237,0.0883514626644725,0.8294573643410853,12900,0.02084458902336724,0.1096515562979782,0.7730491171742595,0.00017049094344134775,0.2947748306012431,0.030637007840194328,0.0015359774075449416,0.02681212319970824,0.32433987505253037,0.18666765091513268,0.9268071297989335,0.9846946696440378,0.48888645217169163,0.005777612216626258,0.027852618626441606,,,,,,,,,,,
0.0,0.0005437707592742905,2.4516129032258065,0.2497782171234604,0.6512456199892231,0.7813895265120551,0.8784660721529823,51,5.038168712457021,1.0232478260069855,0.09028016965720774,0.7635658914728682,13158,0.022072016483794508,0.1313204247514707,0.8130847909307295,0.00015152722455056864,0.3154273227492506,0.03017136214532016,0.001556858596010242,0.026465530471168747,0.30885455820563007,0.1894978121666598,0.9290994560533716,0.985145970601444,0.4898245469775311,0.005725678206284264,0.027055315774425055,,,,,,,,,,,
0.0,0.0005403997366211256,2.5284552845528454,0.2607653118496717,0.6206167191226404,0.7674352305385378,0.8793590592090473,52,5.012537713845571,0.9915971034115855,0.09122811345917772,0.7713178294573644,13416,0.024242070122957503,0.10829829707303468,0.841129908728045,0.00013229523642125377,0.32603608894833297,0.031468930650617954,0.0016086277117760483,0.027189055033562372,0.3686274152109021,0.19781395111505579,0.9229784834292508,0.9838779164377109,0.5037122944211082,0.005680446218800291,0.027501368328438018,,0.7309217344841624,0.8504524587983133,0.9095021695682806,0.8302921209502521,,,,,,
0.0,0.0005373058200686586,2.5172413793103448,0.25934787865641507,0.6364462331603841,0.7678035416680049,0.8708829496835553,53,5.251339777310689,1.0730234182966771,0.09581256981635856,0.748062015503876,13674,0.01691840645850459,0.10406728425532975,0.8508760910625606,0.00011274614395081822,0.3298779217771782,0.0297257423837662,0.001513899823216642,0.026959095762089588,0.33037017775892186,0.17738243638184564,0.9252923932648445,0.9843024992665579,0.4889085031179495,0.005620586656958096,0.027153025294632413,,,,,,,,,,,
0.0,0.0005310176542719606,2.5118110236220472,0.2544463206977807,0.6362096675652009,0.7785636839048952,0.880932786436968,54,5.107744077841441,1.0017497600164524,0.09075143704436316,0.813953488372093,13932,0.02189867323863607,0.10971996635010448,0.8230631780601287,9.281064727975123e-05,0.3204309267764406,0.030470611005949305,0.0015419632511830693,0.026407134502606337,0.3067431960128409,0.18299876863327552,0.9227108601913896,0.9837951114935468,0.4699742971782305,0.005561072433497323,0.02724776374963076,,,,,,,,,,,
0.0,0.00046760157541333075,2.576,0.247583317202191,0.6580369766944182,0.7819412560129986,0.885357451906731,55,5.079700605074565,0.8496169174710909,0.0906306448457546,0.7790697674418605,14190,0.017203092510398064,0.10079076021081872,0.79036479957344,7.238300944016637e-05,0.31465700075261355,0.027135139074927383,0.0013782940978678882,0.02569302658066731,0.30335239283181725,0.15855378223955632,0.9231269209421882,0.9838789223238479,0.45212579879534337,0.005497835547656052,0.02684490591316491,,,,,,,,,,,
0.0,0.00048516485334008295,2.5789473684210527,0.24464226135796355,0.6636356127745284,0.7917839356575364,0.8741747233294701,56,4.990026152133941,0.9464260439078013,0.09099536963789039,0.7790697674418605,14448,0.016282751350252724,0.11125191663775374,0.7789785226648168,5.12826530734741e-05,0.3123830543296744,0.025643892651207225,0.0013323748822557711,0.027203721324588325,0.29397103642756856,0.16052174872081532,0.9235334754452225,0.9839653506759525,0.46948922894779566,0.005491628677966868,0.026502350652085026,,0.7304332795530181,0.8295310579594519,0.9086278146122622,0.822864050708244,,,,,,
0.0,0.00046157448492141517,2.604651162790698,0.2557237796600937,0.6376409810683925,0.7782331683570086,0.8710908176478489,57,5.101672319571177,0.8314751614508462,0.08269512335690417,0.8062015503875969,14706,0.018366129137575626,0.1267954146349302,0.8085946536572405,2.91311534729809e-05,0.326433292164128,0.0276751507492375,0.0014048060448524405,0.02700538826788696,0.3074400504787503,0.16115037326578252,0.9269775743632354,0.9845817742883697,0.48089146567869556,0.005473915969433133,0.02626410299233457,,,,,,,,,,,
0.0,0.00048535220064722544,2.452991452991453,0.24909696817513585,0.6469750210657254,0.78544114801993,0.8833565393159556,58,5.051590983072916,0.9729153674471286,0.08668255222990184,0.8217054263565892,14964,0.01936507196530185,0.09727372715837862,0.7957936733268028,4.496756990923084e-06,0.3157883837761343,0.027621660553019983,0.0013900351413487738,0.026558442781282256,0.3268604818326083,0.17870299633130685,0.9254078908946163,0.984332588753959,0.46565110066024834,0.0054323301296825555,0.026455061380253282,,,,,,,,,,,
0.0,0.0007022066040210322,2.210526315789474,0.2882187039487892,0.634218556392524,0.7353391953640513,0.8236043504374619,58.14,0.7046871980031332,1.7818028959963057,0.10042401253142291,0.6666666666666666,15000,0.034904965680713454,0.2070956563577056,0.9498804294400744,1.9952623149688812e-06,0.3545487413389815,0.04154947215122067,0.0019694207488403967,0.027710864967149165,0.39290420842773627,0.22777254232450536,0.9245126214292314,0.9841671254899766,0.49929918325829525,0.005500657652090821,0.02659888384449813,0.9815260221904762,0.7351950614352534,0.8466608116691084,0.909318184118803,0.8303913524077217,0.004858259888799494,0.0076816244529698575,0.008968725244478084,33.91010430790786,5.287489539913989,3.9869558443961743
