calib,deep_sup,dice_ET,dice_TC,dice_WT,epoch,epoch_min,grad_norm,iter,loss,lr,main_dice,main_edl,main_kl,unc_healthy,unc_tumour,val_dice_ET,val_dice_TC,val_dice_WT,val_dice_mean,val_ece_ET,val_ece_TC,val_ece_WT,val_hd95_ET,val_hd95_TC,val_hd95_WT,w_flair,w_t1,w_t1ce,w_t2
0.03616944856421892,1.0087215858836507,0.0577830632565761,0.25487124791596905,0.4300882326059545,1,4.211655815442403,0.43229324312866196,258,2.581628685311754,0.0009845667064586102,0.9381479669448941,0.5985249516575836,6.47265902031171e-05,0.5134832174047943,0.47334512571493786,,,,,,,,,,,0.22965116198210753,0.26582687261492705,0.26453488256580143,0.23998707914075187
0.014537209585352345,0.7048184550547785,0.2727076720307567,0.4903107734303199,0.6961563157347255,2,4.022762934366862,0.3343595187215842,516,1.7837615359661192,0.0009690462749233108,0.8558565888756006,0.2084668954444486,8.239478278863866e-05,0.2842205097508985,0.26339040598434993,,,,,,,,,,,0.25096899097742037,0.25936692340891493,0.25096899097742037,0.23869508920713914
0.008785380776105233,0.621653265038202,0.3486113884624332,0.5008126945848667,0.7267709629300643,3,4.002925662199656,0.3605681598940248,774,1.5518334845239803,0.0009534981729544429,0.7845701679240825,0.13663648366350536,0.00018818420852936512,0.16760109850140506,0.16088712123013282,,,,,,,,,,,0.2390180866616641,0.2551679573086805,0.2603359158880027,0.24547803517459899
0.00651517430096576,0.5756899320570997,0.38366621186607464,0.5102626977849883,0.742385601896595,4,4.010415677229563,0.35629196028954296,1032,1.4334366850612699,0.0009379218480216999,0.74423168657362,0.1067142496102078,0.0002856426148947469,0.1211338380799275,0.12333681057532166,,,,,,,,,,,0.24354005085174427,0.2655038748716199,0.2448320403233055,0.2461240303724311
0.005124423892035099,0.5495751090058985,0.4669837193008182,0.5173946895181786,0.7372030894203331,5,4.0028742472330725,0.5129947652206811,1290,1.3631079929281575,0.000922316726141059,0.720120854040449,0.08792657252083454,0.0003610336330442693,0.09450330501494482,0.10432467173582824,0.43081093392275865,0.6062204431024663,0.817011396093639,0.618014257706288,0.06540272065452848,0.06478390170250116,0.05558133152724204,89.02494033095377,20.527194695927513,16.217116854866124,0.2441860452987427,0.2596899214987607,0.26873384895481806,0.2273901799737021
0.004159010788822879,0.5032433125861856,0.5035024398212257,0.5886113286615,0.7597491063841785,6,3.972857677936554,0.4880352282477904,1548,1.2512620807618133,0.0009066822106218689,0.6697178901165954,0.07371020455693089,0.00043166187840474175,0.07612050440191298,0.08889560772524785,,,,,,,,,,,0.2322351410984993,0.26970284131839295,0.2509689910351768,0.24709302238946737
0.003501388739998445,0.47779667406350146,0.49544355130629536,0.6144394982216317,0.7742951701264584,7,3.98241704305013,0.45161403675180994,1806,1.1886129074318463,0.0008910176807152986,0.6368261650782223,0.06995391470286273,0.000534761147690908,0.06353578458056432,0.07963527843009593,,,,,,,,,,,0.2399870786209439,0.2490310068855914,0.2574289395481117,0.253552971133428
0.0028810078655405677,0.4349125479889471,0.5603795357654503,0.6504265347697823,0.8292700795009155,8,4.005508947372436,0.4467998054311719,2064,1.0859555842340454,0.0008753224901542979,0.5891276547151019,0.058508000776980276,0.0005263715569907258,0.05346302237621574,0.07269916328233342,,,,,,,,,,,0.24483204055433125,0.24224806091813153,0.24677002528148104,0.2661498694341312
0.002446976309829904,0.4257173572861871,0.5784701983513881,0.6485995428290131,0.8129890864106282,9,3.9915698250134786,0.5248159472216931,2322,1.0566266777441484,0.0008595959655740217,0.5731279496536699,0.054714667784093424,0.0006197239738183327,0.04612702734826147,0.06741186066768891,,,,,,,,,,,0.24031007630649462,0.2428940555961557,0.25839793168066083,0.25839793202719946
0.0021676017301312336,0.41198015727045,0.56956504437984,0.6614965090650863,0.8167132881244752,10,3.9798075834910076,0.5092396148795748,2580,1.0220155205375465,0.0008438374048002949,0.5549778242905935,0.05219078655968341,0.0006991523241172111,0.04025265858905722,0.06139795451836531,0.5210744674381214,0.7502376059702003,0.8688574331625032,0.7133898355236082,0.02621571679159588,0.02594923206392123,0.02557633290311746,79.3701677522354,8.984696212560948,6.515865659448903,0.25581395233324333,0.24224806074486221,0.2596899212099785,0.24224806039832358
0.0019004763410401407,0.3912397363735724,0.5940036946708989,0.6845582037326671,0.8241091208225508,11,3.9609469175338745,0.5350989675394786,2838,0.9705444041841714,0.0008280460749921176,0.5289215719861577,0.04774009125928084,0.000742523162197069,0.035498278966361235,0.0580261611964467,,,,,,,,,,,0.24644702684509662,0.2574289389127909,0.23804909418257633,0.25807493428389233
0.0016995871015652913,0.3883895648195762,0.5856043481705223,0.6719359437350271,0.8366924481567486,12,3.9750925421714784,0.5604089946998644,3096,0.9594273913738339,0.0008122212106223997,0.5224739543573801,0.04601191872254361,0.000852364819492809,0.03158657212359037,0.05338194645767988,,,,,,,,,,,0.25839793139187867,0.26098191068153975,0.24547803448152172,0.23514211755390316
0.0015574239475053353,0.38207466594239536,0.5780854366946236,0.6723573453175699,0.8316106476871542,13,3.984373080730438,0.580198924035527,3354,0.9417957943077235,0.0007963620112790155,0.5132054346938466,0.0440228513781299,0.0009354170867108357,0.028382464615238266,0.051463860332561555,,,,,,,,,,,0.26453488285458365,0.2600129187222599,0.22771317754373993,0.24773901718300442
0.0014343927752013615,0.3730346352555031,0.5688295973083113,0.6850696254161533,0.8339068376451961,14,3.9625701189041136,0.6630052557980367,3612,0.9179514948018762,0.0007804676392658504,0.5006449525786001,0.041875833385559016,0.0009616795206909941,0.02574861697246169,0.04802990763975206,,,,,,,,,,,0.2467700244728909,0.2390180863728819,0.2487080090845278,0.2655038749871328
0.0012735091814231633,0.3402045891266461,0.6310380121129889,0.7156395911457479,0.8590263883039976,15,3.982739595572154,0.5084680943468283,3870,0.8363929723584375,0.000764537216980692,0.45353761858256286,0.04034614764774839,0.0010311080516467606,0.02335321512650843,0.04744581519373397,0.5146976501925855,0.7651596114024806,0.8811277423461915,0.7203283346470859,0.019649563291972216,0.017982962752872127,0.01658988357316559,80.12920999570028,8.90582217186903,4.497799379391047,0.25613695001879405,0.2458010328601497,0.24967700196791065,0.24838501249634942
0.001161544550121798,0.33461521776725156,0.6233980959291365,0.7315320025176503,0.8657664312699507,16,3.972993739446004,0.5012334600784057,4128,0.820920819922011,0.000748569824043546,0.4477167476055234,0.03640669187920731,0.0010206155605183718,0.02138119663090207,0.044514072243153124,,,,,,,,,,,0.2525839778457501,0.25452196268841276,0.2422480610336444,0.2506459931186003
0.0010648641885685113,0.3276966623095579,0.6253571509525303,0.7202822382829437,0.8623127744410389,17,3.97174186706543,0.5814994217235913,4386,0.8027811335731846,0.0007325644941451204,0.4357506051197533,0.037085759839721656,0.0011832401220273415,0.01967756791661183,0.0424464280002339,,,,,,,,,,,0.23514211755390316,0.25839793139187867,0.2519379832254824,0.2545219619375791
0.0010997168999808287,0.330899736620197,0.6139099240249344,0.7180715686598316,0.8407106895880528,18,3.994758117198944,0.6368841746056727,4644,0.8095803399418675,0.0007165202115807307,0.4355343672078709,0.04059397206504562,0.0014525452362961866,0.018446998280841252,0.040703918885930564,,,,,,,,,,,0.24741601984399234,0.2532299733323644,0.25258397807677585,0.24677002505045528
0.0010152333909568968,0.3536759387961654,0.5673280950593257,0.6772731559264452,0.8400731410879945,19,3.991207218170166,0.6523402452526629,4902,0.8582546665917995,0.0007004359074295899,0.4630965894853422,0.03909932298210356,0.0013675794649852058,0.01714183868075064,0.03905199334574069,,,,,,,,,,,0.2622739011349604,0.2590439268207365,0.2312661491969759,0.24741601926642795
0.000984475583385391,0.32065314366373904,0.6403447229653424,0.7182135225829575,0.841648938697438,20,3.989694515864054,0.6823463211514691,5160,0.7803791057924891,0.000684310455333191,0.41898983497490255,0.03835253847777381,0.0013991105842878753,0.016014143579112468,0.03871613718179423,0.567416155162957,0.7925023022925338,0.8946799895925805,0.7515328156826904,0.010675840439609317,0.012690517760449169,0.012057837589165525,79.0873132927034,11.747524504873997,8.296805256087733,0.24450904309980628,0.2535529706713765,0.25678294510111327,0.2451550380088562
0.0009156094369696915,0.32297397719681725,0.5922704894488674,0.7240993766862693,0.8516442126814681,21,3.974257679780324,0.6575002595204715,5418,0.7831402404825817,0.0006681426668190759,0.41980138461488165,0.03803220452278737,0.0014170661112117625,0.01492300626366984,0.03752799714056328,,,,,,,,,,,0.26033591721640076,0.24999999994224356,0.23708010291637377,0.252583978885366
0.000832685025416986,0.3056517043259255,0.6288142658466863,0.7383270901952719,0.8693509148036729,22,3.9848625580469768,0.589572127099878,5676,0.740652826694093,0.0006519312861074445,0.4002736315362213,0.03266589269186406,0.0012289141710890934,0.013959420364812132,0.035969883773851304,,,,,,,,,,,0.2532299733901209,0.23966408214827842,0.2545219634392465,0.2525839787120967
0.0007745567096673428,0.2932518938079823,0.6307324698172752,0.7705800142529221,0.8729582717714384,23,3.9927965998649597,0.6467153983869294,5934,0.7107419222593307,0.0006356749843274785,0.38414435313884604,0.03138236300803201,0.0011887575294745746,0.013078453322482664,0.03507108331564092,,,,,,,,,,,0.2506459935228954,0.24418604558752488,0.24354005079398783,0.26162790628366694
0.0007327207067576165,0.28639019719621006,0.6706010358594899,0.7542084491587886,0.8694055454488284,24,3.997978846232096,0.5421273061471392,6192,0.6918947270443273,0.0006193723530575316,0.37168816205605054,0.031844947230821666,0.0012387024189522418,0.012329282419568346,0.03423868291181072,,,,,,,,,,,0.24515503789334334,0.2335271306855734,0.26711886156668035,0.2541989651183749
0.0007307708376259164,0.28377364131138305,0.6429595797311819,0.7590237138865068,0.8736891214006631,25,4.006539110342661,0.5988603277897188,6450,0.6836337926544884,0.0006030218970879688,0.36484896036428077,0.032965165858929474,0.0013152532070913974,0.011662407918984806,0.03359200572595,0.5765343207964239,0.8124096768898152,0.8762094034130874,0.7550511336997755,0.009824510762636022,0.012017798762427975,0.015253943307224158,79.68428822823073,5.974318962597915,7.683412222315715,0.25807493474594384,0.2651808777058771,0.24773901712524798,0.22900516672651897
0.0006902991524895711,0.2743841310342153,0.6781835663096272,0.7692982211940048,0.8702853425990703,26,3.9934282183647154,0.6068894267948561,6708,0.663124873772148,0.0005866220262867533,0.35605741436629335,0.030772733321601107,0.001220297412414378,0.01112254838957343,0.031725232063453325,,,,,,,,,,,0.24935400335825691,0.24547803425049597,0.244186044547909,0.2609819103350011
0.0006413736842349786,0.2695304851314818,0.6767837438153016,0.7871233859341302,0.8843321024562961,27,4.005807026227315,0.5357868810610253,6966,0.64895752823168,0.0005701710464250824,0.34987021110547606,0.027787771604796365,0.0011276860264321255,0.010449575379404217,0.03085241619815198,,,,,,,,,,,0.23869508949592133,0.25161498675281685,0.26324289315199667,0.24644702782695607
0.0006536362792433839,0.26999191962933355,0.6944937420046262,0.7621800192747294,0.8768209819934627,28,4.013179751237233,0.6037292753367923,7224,0.6496672236988711,0.0005536671487923289,0.34731499853637793,0.030473856739122278,0.0012328143347986042,0.00992685002310909,0.030000417117866898,,,,,,,,,,,0.2348191208502119,0.2574289400101632,0.254844960836015,0.25290697587783945
0.0006010034705341663,0.26867331697266233,0.6583150781658587,0.7725444338537117,0.8922249577766241,29,4.003877154986063,0.5685923543363693,7482,0.6460639653048774,0.0005371083983949178,0.34866189477286597,0.027017816767645204,0.001109934478554633,0.009409732264719268,0.029095212820657464,,,,,,,,,,,0.2655038750448892,0.24031007763489273,0.24418604616508927,0.24999999965346137
0.0006258717475593444,0.2746695214521515,0.6593534809486695,0.7505975038773387,0.8747962772575038,30,3.988240671157837,0.7167104567841504,7740,0.6584323063030724,0.0005204927204906314,0.3482639831454717,0.033457688749009784,0.001415241243680506,0.00902998146362776,0.029060193305012097,0.5734231852655738,0.8137932930284014,0.8969687440679281,0.7613950741206343,0.008007818985020563,0.01112461147595613,0.010303221985531127,79.88292069193703,6.189722205103745,8.549449154464561,0.25419896540715714,0.2483850115722464,0.24967700185239777,0.2477390170097351
0.0005695206597546664,0.268657961585956,0.6646041098788973,0.7716420753534103,0.8742783090402914,31,3.974057698249817,0.613246801172116,7998,0.6442087825185568,0.0005038178851558342,0.34571963306083237,0.02807867345977719,0.001182994499686174,0.008635538738480834,0.027656396406940943,,,,,,,,,,,0.25258397894312246,0.2577519372914189,0.24677002533923748,0.2428940558849379
0.0005602376316297283,0.27649732965023016,0.6602361680158859,0.7456611711387486,0.8775704039275184,32,3.9879467288653054,0.6201943899540938,8256,0.6605642448331035,0.00048708148951487925,0.354654941245798,0.02766674449450748,0.001184990636660544,0.008261854717031468,0.026791107133319673,,,,,,,,,,,0.24515503806661265,0.24321705322394999,0.2587209289619165,0.25290697582008304
0.0005565410703371004,0.25784444843613824,0.6834394967114885,0.7727277737016999,0.8806319700539574,33,4.000238358974457,0.6389415710875692,8514,0.615811652337858,0.0004702809371741814,0.3261977454950643,0.029920697396317888,0.001292219645859919,0.007859281154147298,0.026580720775320317,,,,,,,,,,,0.2567829438304716,0.25355297044035074,0.2535529706713765,0.23611111020626024
0.0005463010165276359,0.2623944575645665,0.6532253897241262,0.7884408575807547,0.8800827789155572,34,3.9999226570129394,0.5759558018961156,8772,0.6263061866395233,0.00045341341429203005,0.3353115416370159,0.026874683017647543,0.001179204551674978,0.007575825271882521,0.02599154151759522,,,,,,,,,,,0.23901808775903644,0.249354004686655,0.2667958650362584,0.24483204113189563
0.0005950109022755226,0.27666502997510195,0.6498683061957894,0.7420120883603082,0.8669661557258561,35,4.001834905147552,0.7404022173479546,9030,0.6611703714543535,0.00043647586157093436,0.3509820740410062,0.03153523031708806,0.001393025350561113,0.007304870821319,0.025471075286352358,0.573235224198143,0.8151683333462261,0.8947787208489855,0.7610607594644515,0.007301417255044995,0.010968372663745476,0.010807616007720297,80.09832213192662,6.006148855268849,6.61025682712678,0.23966408249481705,0.2590439273405445,0.2461240301991618,0.25516795811727067
0.0005212070179488167,0.25813167348735094,0.6622345736665406,0.7957344187149243,0.8869653652573741,36,3.9785083214441936,0.6598176277249821,9288,0.6141056335249613,0.00041946494127054337,0.32591951947457104,0.028281878730527652,0.0012513567979380762,0.007033352027177926,0.025068132535287346,,,,,,,,,,,0.26324289228565007,0.23675710447998935,0.25290697524251865,0.2470930224472238
0.00052013022204917,0.2610501770305541,0.6664141643018093,0.7639020395688776,0.866232496198283,37,4.0085791150728864,0.6718620360186396,9546,0.6200917382226434,0.00040237699808964687,0.32596494318094366,0.031206312058710082,0.0013501743476724165,0.006836731820692157,0.025176516494013427,,,,,,,,,,,0.25936692387096644,0.2664728674084641,0.24257105819938718,0.23158914647823156
0.00046016963951419607,0.23200483186993487,0.6932066543252435,0.8217404300487752,0.9016346782445908,38,4.012706899642945,0.5139859926475342,9804,0.5521545002395792,0.00038520801243202194,0.29490328623458395,0.023717045681117925,0.0010691662101853863,0.006558597880206251,0.02462193096605267,,,,,,,,,,,0.2451550380088562,0.2464470272493917,0.26065891409336134,0.2477390168364658
0.00047067666607410305,0.23972773901367372,0.7041930774661763,0.8029225307783877,0.8941277871991313,39,4.006288421154022,0.6017090332357337,10062,0.5691039376249609,0.00036795354411889335,0.3006896714484969,0.027008865503305498,0.0012069863347109234,0.006370136489037627,0.024606512003946444,,,,,,,,,,,0.23611111113036326,0.24644702828900758,0.2593669253148774,0.2580749351502389
0.0005188094276018655,0.24694688040618748,0.6546430253661111,0.7954468093523683,0.8837641345322594,40,4.0069006045659386,0.7416168878995633,10320,0.5860645666487457,0.0003506086639902075,0.30837968609822813,0.02890239976519762,0.001316792258594362,0.006197670732747561,0.024403605440472678,0.5783631911247455,0.812655833996047,0.9048196513925248,0.7652795588377724,0.005074067792921884,0.009605869810610752,0.008250553734325981,78.77524676166544,6.756935702421311,3.447675694250532,0.24031007653752037,0.26873384849276655,0.23385012779355974,0.2571059423246125
0.0004611734115202097,0.24247015882716622,0.6747580175342379,0.7917814276780385,0.8930550422086272,41,3.9736311475435895,0.6054372224061526,10578,0.5756055791248647,0.0003331678699720117,0.30489973394676695,0.026561965889752258,0.0012125474900095687,0.006019130675844097,0.02428118706962397,,,,,,,,,,,0.2490310071743736,0.2290051675351091,0.27810077473174694,0.2438630482485128
0.0004566075487476106,0.23610744082419446,0.6837283663357817,0.80382987109641,0.892029023563215,42,3.998892895380656,0.5989185459045476,10836,0.5598351876865062,0.0003156249829617578,0.2958970404583816,0.02617863594742073,0.0011954647873558984,0.0058600262724325175,0.023594122647141762,,,,,,,,,,,0.24483204038106193,0.2551679574241934,0.2538759677216064,0.24612402939057165
0.0004495119785429398,0.23936165297447248,0.702155259171508,0.8062919193893209,0.885950846034427,43,4.006961043675741,0.575630780222804,11094,0.5677447455335957,0.00029797301611498276,0.300914137804693,0.025850289039198282,0.0011691573765643245,0.005724587663647163,0.022965340752356737,,,,,,,,,,,0.24257105871919513,0.2432170533972193,0.2580749345726745,0.2561369499610376
0.0004164915983913721,0.21944096262833868,0.6777166365465337,0.8325608988083149,0.9041252131609954,44,4.014134577910105,0.5240392366265373,11352,0.5190394429504409,0.00028020400851274546,0.27306887620063713,0.024957149962771884,0.0011559601542300746,0.005576614730868691,0.02350562876956754,,,,,,,,,,,0.2506459942737291,0.2487080092000407,0.25193798397631606,0.24870800896901493
0.00045946383270770744,0.24458322803988014,0.652971694214349,0.7861730596465745,0.8934973552245502,45,3.99219255844752,0.5939995119160459,11610,0.5784930074515269,0.00026230881026631796,0.303394603145908,0.02876911343205287,0.001286599120721239,0.005470633725166436,0.022904821897156594,0.6331645940291417,0.8277226428815923,0.9038848303059378,0.7882573557388906,0.005032455688859619,0.009366222741326584,0.008928219291794593,61.00943818703587,5.6673576306030045,5.660192338769572,0.2558139525642691,0.256459947473319,0.23643410783405452,0.2512919891250226
0.0004456731017402377,0.23382639573063962,0.6648917027790634,0.8161287100826816,0.8931593757498172,46,3.975496013959249,0.6625520660606927,11868,0.5530856545119323,0.00024427680005268955,0.2909084972600604,0.026676278333937705,0.0012288094670132755,0.005355515712222388,0.022722054041864337,,,,,,,,,,,0.23481912067694258,0.26970284183820087,0.2386950899002164,0.2567829452743826
0.0004258180992067981,0.2159858264837616,0.7128201077535186,0.8309658566460938,0.9077642523041067,47,4.013680930932363,0.5954694164873555,12126,0.5103689679919288,0.00022609550642712387,0.2671057229298492,0.025650005960880323,0.0012015935846098136,0.00523236957775761,0.022937376813804224,,,,,,,,,,,0.259043927282788,0.22997415926336318,0.26227390101944753,0.24870800977760507
0.00042340603800950297,0.22258203312061553,0.7050965998967922,0.8246388978924054,0.8979439407356026,48,4.016574823856354,0.5992721015110959,12384,0.5252977278112441,0.0002077500883867989,0.27559992203185724,0.025497626289436522,0.001194740108125428,0.0051573126020935155,0.022427726547818546,,,,,,,,,,,0.25742893972138103,0.23934108469375345,0.2651808772438256,0.23804909476014072
0.00038859669603534856,0.23215876918199452,0.6766302864699614,0.8059345204924602,0.8951929064915162,49,3.9959584871927896,0.610656467857064,12642,0.547598314955253,0.00018922260351421388,0.28867358260954074,0.02519652103218286,0.0011808424111335654,0.005074836255968079,0.02188471298621491,,,,,,,,,,,0.26033591583024623,0.24483204043881837,0.23643410742975945,0.2583979322582252
0.0004318565481735841,0.22617823865928854,0.6819877454229494,0.8214967779872954,0.8926960535405218,50,3.989354689915975,0.5929382641143836,12900,0.5331288007802741,0.00017049094344134775,0.2788908539354339,0.02640765443328739,0.0012201983936251928,0.004991224167377566,0.022148181121189926,0.5781081199472431,0.8246682909869308,0.9063864686816585,0.7697209598719441,0.0052749662910226815,0.00962480797127931,0.008493627663994774,79.1173868271699,5.643668985617,3.5100963175290225,0.2519379837452903,0.2519379837452903,0.25322997356339016,0.24289405571166858
0.0004161210743108694,0.23203867278242296,0.6745829791439188,0.8221515503733657,0.9001941504751065,51,4.0160108288129175,0.5706429423461127,13158,0.5471448521165885,0.00015152722455056864,0.2899796660094298,0.023598039445156854,0.0011123525893158648,0.00492608908910391,0.021684538100145815,,,,,,,,,,,0.2422480601095414,0.24418604541425556,0.24224806126467016,0.27131782812896627
0.00038330414701718386,0.2157762942099294,0.7110642957381528,0.8303952737270978,0.9078665308712065,52,3.9831732908884683,0.5540065713544455,13416,0.5079549740451251,0.00013229523642125377,0.2686792949373408,0.022057666029066367,0.0010584147224058811,0.004842293506502643,0.022019951384110274,,,,,,,,,,,0.2600129196463629,0.2438630489993465,0.2477390177605688,0.24838501301615737
0.00036211164007359317,0.21976351737976074,0.7188540448431027,0.82561158681967,0.9007504300553669,53,3.988369715213776,0.5829627321098101,13674,0.5163530737392662,0.00011274614395081822,0.2732817618133024,0.0218980237146724,0.001047660730174082,0.004815131191222012,0.02191280059935164,,,,,,,,,,,0.24547803453927816,0.24935400376255198,0.2577519361940465,0.24741601938194083
0.0004018692811804394,0.22168772156501926,0.6912121672774638,0.8315439026716144,0.9055775994247244,54,3.9754228353500367,0.6371919062248496,13932,0.5209265154923579,9.281064727975123e-05,0.27224096751143767,0.025395937659236235,0.0012000208744423215,0.004768196051189488,0.02201359831663065,,,,,,,,,,,0.24450904309980628,0.2496770019101542,0.24967700156361558,0.2561369494989861
0.0003915959426286259,0.2256591891249021,0.6887216397999616,0.8232479425537031,0.8976240994394288,55,3.966870454947154,0.5433218806635501,14190,0.5305263822277387,7.238300944016637e-05,0.2787686822603839,0.02455215323842744,0.0011547581888753343,0.004755940831576784,0.02162688558870681,0.6355365995891369,0.8337142633281716,0.9080750981598463,0.7924419870257182,0.005027737858960084,0.00918537499474282,0.008189024573527283,60.01731011033284,5.498980503397822,3.500579149490762,0.23449612328017405,0.24612403002589248,0.2545219634970029,0.2648578803091086
0.0003965248201082911,0.22017029112623643,0.7019007455439364,0.8241973977469182,0.9033652335737449,56,3.9315868496894835,0.5687526283395845,14448,0.517751520629539,5.12826530734741e-05,0.2709948291727739,0.025023650664966122,0.0011662251183238827,0.004703828666084843,0.02137795237593295,,,,,,,,,,,0.23966408232154773,0.25839793202719946,0.24224806172672167,0.2596899225383766
0.0003630642186321928,0.20808792105594345,0.731474899501605,0.8374236581283946,0.9103462354157322,57,3.96850072145462,0.5797053096570479,14706,0.48942678872235984,2.91311534729809e-05,0.2579371400697287,0.022004753452285315,0.001033909882763094,0.004681051983100961,0.021531893142549566,,,,,,,,,,,0.24903100694334784,0.26001291889552924,0.2393410844627277,0.2516149868105733
0.0003607796217636846,0.21131393044840457,0.6752708944553634,0.8497796134893284,0.9061024739935384,58,3.960486324628194,0.5823088499695755,14964,0.4975440969993902,4.496756990923084e-06,0.2617337266488593,0.02302651940808855,0.0011091394246828402,0.0046727466595525196,0.02138824352287045,,,,,,,,,,,0.2506459941582162,0.24612402967935385,0.2571059417470481,0.2461240303724311
